"Id","Path","Slice Name","Alias(s)","Label","Min","Max","Must Support?","Is Modifier?","Is Summary?","Type(s)","Short","Definition","Comments","Requirements","Default Value","Meaning When Missing","Fixed Value","Pattern","Example","Minimum Value","Maximum Value","Maximum Length","Binding Strength","Binding Description","Binding Value Set","Code","Slicing Discriminator","Slicing Description","Slicing Ordered","Slicing Rules","Base Path","Base Min","Base Max","Condition(s)","Constraint(s)"
"Slot","Slot","","","",0,*,"","","","null {[]} {[]}
","A slot of time on a schedule that may be available for booking appointments","A slot of time on a schedule that may be available for booking appointments.","","","","","","","","","",,,,,"",,,,"Slot",0,*,"","dom-2:If the resource is contained in another resource, it SHALL NOT contain nested Resources {contained.contained.empty()}
dom-4:If a resource is contained in another resource, it SHALL NOT have a meta.versionId or a meta.lastUpdated {contained.meta.versionId.empty() and contained.meta.lastUpdated.empty()}dom-3:If the resource is contained in another resource, it SHALL be referred to from elsewhere in the resource or SHALL refer to the containing resource {contained.where((('#'+id in (%resource.descendants().reference | %resource.descendants().as(canonical) | %resource.descendants().as(uri) | %resource.descendants().as(url))) or descendants().where(reference = '#').exists() or descendants().where(as(canonical) = '#').exists() or descendants().where(as(canonical) = '#').exists()).not()).trace('unmatched', id).empty()}dom-6:A resource should have narrative for robust management {text.`div`.exists()}dom-5:If a resource is contained in another resource, it SHALL NOT have a security label {contained.meta.security.empty()}"
"Slot.id","Slot.id","","","",0,1,"","","Y","id {[]} {[]}
","Logical id of this artifact","The logical id of the resource, as used in the URL for the resource. Once assigned, this value never changes.","The only time that a resource does not have an id is when it is being submitted to the server using a create operation.","","","","","","","","",,,,,"",,,,"Resource.id",0,1,"",""
"Slot.meta","Slot.meta","","","",0,1,"","","Y","Meta {[]} {[]}
","Metadata about the resource","The metadata about the resource. This is content that is maintained by the infrastructure. Changes to the content might not always be associated with version changes to the resource.","","","","","","","","","",,,,,"",,,,"Resource.meta",0,1,"ele-1
","ele-1:All FHIR elements must have a @value or children {hasValue() or (children().count() > id.count())}
"
"Slot.meta.id","Slot.meta.id","","","",0,1,"","","","string {[]} {[]}
","Unique id for inter-element referencing","Unique id for the element within a resource (for internal references). This may be any string value that does not contain spaces.","","","","","","","","","",,,,,"",,,,"Element.id",0,1,"",""
"Slot.meta.extension","Slot.meta.extension","","extensions
user content","",0,*,"","","","Extension {[]} {[]}
","Additional content defined by implementations","May be used to represent additional information that is not part of the basic definition of the element. To make the use of extensions safe and manageable, there is a strict set of governance  applied to the definition and use of extensions. Though any implementer can define an extension, there is a set of requirements that SHALL be met as part of the definition of the extension.","There can be no stigma associated with the use of extensions by any application, project, or standard - regardless of the institution or jurisdiction that uses or defines the extensions.  The use of extensions is what allows the FHIR specification to retain a core level of simplicity for everyone.","","","","","","","","",,,,,"","value:url}
","Extensions are always sliced by (at least) url",,"open","Element.extension",0,*,"ele-1
","ele-1:All FHIR elements must have a @value or children {hasValue() or (children().count() > id.count())}
ext-1:Must have either extensions or value[x], not both {extension.exists() != value.exists()}"
"Slot.meta.versionId","Slot.meta.versionId","","","",0,1,"","","Y","id {[]} {[]}
","Version specific identifier","The version specific identifier, as it appears in the version portion of the URL. This value changes when the resource is created, updated, or deleted.","The server assigns this value, and ignores what the client specifies, except in the case that the server is imposing version integrity on updates/deletes.","","","","","","","","",,,,,"",,,,"Meta.versionId",0,1,"ele-1
","ele-1:All FHIR elements must have a @value or children {hasValue() or (children().count() > id.count())}
"
"Slot.meta.lastUpdated","Slot.meta.lastUpdated","","","",0,1,"","","Y","instant {[]} {[]}
","When the resource version last changed","When the resource last changed - e.g. when the version changed.","This value is always populated except when the resource is first being created. The server / resource manager sets this value; what a client provides is irrelevant. This is equivalent to the HTTP Last-Modified and SHOULD have the same value on a [read](http://hl7.org/fhir/R4/http.html#read) interaction.","","","","","","","","",,,,,"",,,,"Meta.lastUpdated",0,1,"ele-1
","ele-1:All FHIR elements must have a @value or children {hasValue() or (children().count() > id.count())}
"
"Slot.meta.source","Slot.meta.source","","","",0,1,"","","Y","uri {[]} {[]}
","Identifies where the resource comes from","A uri that identifies the source system of the resource. This provides a minimal amount of [Provenance](provenance.html#) information that can be used to track or differentiate the source of information in the resource. The source may identify another FHIR server, document, message, database, etc.","In the provenance resource, this corresponds to Provenance.entity.what[x]. The exact use of the source (and the implied Provenance.entity.role) is left to implementer discretion. Only one nominated source is allowed; for additional provenance details, a full Provenance resource should be used. 

This element can be used to indicate where the current master source of a resource that has a canonical URL if the resource is no longer hosted at the canonical URL.","","","","","","","","",,,,,"",,,,"Meta.source",0,1,"ele-1
","ele-1:All FHIR elements must have a @value or children {hasValue() or (children().count() > id.count())}
"
"Slot.meta.profile","Slot.meta.profile","","","",0,*,"","","Y","canonical {[]} {[CanonicalType[http://hl7.org/fhir/StructureDefinition/StructureDefinition]]}
","Profiles this resource claims to conform to","A list of profiles (references to [StructureDefinition](structuredefinition.html#) resources) that this resource claims to conform to. The URL is a reference to [StructureDefinition.url](structuredefinition-definitions.html#StructureDefinition.url).","It is up to the server and/or other infrastructure of policy to determine whether/how these claims are verified and/or updated over time.  The list of profile URLs is a set.","","","","","","","","",,,,,"",,,,"Meta.profile",0,*,"ele-1
","ele-1:All FHIR elements must have a @value or children {hasValue() or (children().count() > id.count())}
"
"Slot.meta.security","Slot.meta.security","","","",0,*,"","","Y","Coding {[]} {[]}
","Security Labels applied to this resource","Security labels applied to this resource. These tags connect specific resources to the overall security policy and infrastructure.","The security labels can be updated without changing the stated version of the resource. The list of security labels is a set. Uniqueness is based the system/code, and version and display are ignored.","","","","","","","","",,"required","type de créneau : public, pro, SNP, CPTS","https://interop.esante.gouv.fr/ig/fhir/sas/ValueSet/sas-sos-valueset-typecreneau","",,,,"Meta.security",0,*,"ele-1
","ele-1:All FHIR elements must have a @value or children {hasValue() or (children().count() > id.count())}
"
"Slot.meta.tag","Slot.meta.tag","","","",0,*,"","","Y","Coding {[]} {[]}
","Tags applied to this resource","Tags applied to this resource. Tags are intended to be used to identify and relate resources to process and workflow, and applications are not required to consider the tags when interpreting the meaning of a resource.","The tags can be updated without changing the stated version of the resource. The list of tags is a set. Uniqueness is based the system/code, and version and display are ignored.","","","","","","","","",,"example","Codes that represent various types of tags, commonly workflow-related; e.g. ""Needs review by Dr. Jones"".","http://hl7.org/fhir/ValueSet/common-tags","",,,,"Meta.tag",0,*,"ele-1
","ele-1:All FHIR elements must have a @value or children {hasValue() or (children().count() > id.count())}
"
"Slot.implicitRules","Slot.implicitRules","","","",0,1,"","Y","Y","uri {[]} {[]}
","A set of rules under which this content was created","A reference to a set of rules that were followed when the resource was constructed, and which must be understood when processing the content. Often, this is a reference to an implementation guide that defines the special rules along with other profiles etc.","Asserting this rule set restricts the content to be only understood by a limited set of trading partners. This inherently limits the usefulness of the data in the long term. However, the existing health eco-system is highly fractured, and not yet ready to define, collect, and exchange data in a generally computable sense. Wherever possible, implementers and/or specification writers should avoid using this element. Often, when used, the URL is a reference to an implementation guide that defines these special rules as part of it's narrative along with other profiles, value sets, etc.","","","","","","","","",,,,,"",,,,"Resource.implicitRules",0,1,"ele-1
","ele-1:All FHIR elements must have a @value or children {hasValue() or (children().count() > id.count())}
"
"Slot.language","Slot.language","","","",0,1,"","","","code {[]} {[]}
","Language of the resource content","The base language in which the resource is written.","Language is provided to support indexing and accessibility (typically, services such as text to speech use the language tag). The html language tag in the narrative applies  to the narrative. The language tag on the resource may be used to specify the language of other presentations generated from the data in the resource. Not all the content has to be in the base language. The Resource.language should not be assumed to apply to the narrative automatically. If a language is specified, it should it also be specified on the div element in the html (see rules in HTML5 for information about the relationship between xml:lang and the html lang attribute).","","","","","","","","",,"preferred","A human language.","http://hl7.org/fhir/ValueSet/languages","",,,,"Resource.language",0,1,"ele-1
","ele-1:All FHIR elements must have a @value or children {hasValue() or (children().count() > id.count())}
"
"Slot.text","Slot.text","","narrative
htmlxhtmldisplay","",0,1,"","","","Narrative {[]} {[]}
","Text summary of the resource, for human interpretation","A human-readable narrative that contains a summary of the resource and can be used to represent the content of the resource to a human. The narrative need not encode all the structured data, but is required to contain sufficient detail to make it ""clinically safe"" for a human to just read the narrative. Resource definitions may define what content should be represented in the narrative to ensure clinical safety.","Contained resources do not have narrative. Resources that are not contained SHOULD have a narrative. In some cases, a resource may only have text with little or no additional discrete data (as long as all minOccurs=1 elements are satisfied).  This may be necessary for data from legacy systems where information is captured as a ""text blob"" or where text is additionally entered raw or narrated and encoded information is added later.","","","","","","","","",,,,,"",,,,"DomainResource.text",0,1,"ele-1
","ele-1:All FHIR elements must have a @value or children {hasValue() or (children().count() > id.count())}
"
"Slot.contained","Slot.contained","","inline resources
anonymous resourcescontained resources","",0,*,"","","","Resource {[]} {[]}
","Contained, inline Resources","These resources do not have an independent existence apart from the resource that contains them - they cannot be identified independently, and nor can they have their own independent transaction scope.","This should never be done when the content can be identified properly, as once identification is lost, it is extremely difficult (and context dependent) to restore it again. Contained resources may have profiles and tags In their meta elements, but SHALL NOT have security labels.","","","","","","","","",,,,,"",,,,"DomainResource.contained",0,*,"",""
"Slot.extension","Slot.extension","","extensions
user content","",0,*,"","","","Extension {[]} {[]}
","Additional content defined by implementations","May be used to represent additional information that is not part of the basic definition of the resource. To make the use of extensions safe and manageable, there is a strict set of governance  applied to the definition and use of extensions. Though any implementer can define an extension, there is a set of requirements that SHALL be met as part of the definition of the extension.","There can be no stigma associated with the use of extensions by any application, project, or standard - regardless of the institution or jurisdiction that uses or defines the extensions.  The use of extensions is what allows the FHIR specification to retain a core level of simplicity for everyone.","","","","","","","","",,,,,"","value:url}
","Extensions are always sliced by (at least) url",,"open","DomainResource.extension",0,*,"ele-1
","ele-1:All FHIR elements must have a @value or children {hasValue() or (children().count() > id.count())}
ext-1:Must have either extensions or value[x], not both {extension.exists() != value.exists()}"
"Slot.modifierExtension","Slot.modifierExtension","","extensions
user content","",0,*,"","Y","","Extension {[]} {[]}
","Extensions that cannot be ignored","May be used to represent additional information that is not part of the basic definition of the resource and that modifies the understanding of the element that contains it and/or the understanding of the containing element's descendants. Usually modifier elements provide negation or qualification. To make the use of extensions safe and manageable, there is a strict set of governance applied to the definition and use of extensions. Though any implementer is allowed to define an extension, there is a set of requirements that SHALL be met as part of the definition of the extension. Applications processing a resource are required to check for modifier extensions.

Modifier extensions SHALL NOT change the meaning of any elements on Resource or DomainResource (including cannot change the meaning of modifierExtension itself).","There can be no stigma associated with the use of extensions by any application, project, or standard - regardless of the institution or jurisdiction that uses or defines the extensions.  The use of extensions is what allows the FHIR specification to retain a core level of simplicity for everyone.","Modifier extensions allow for extensions that *cannot* be safely ignored to be clearly distinguished from the vast majority of extensions which can be safely ignored.  This promotes interoperability by eliminating the need for implementers to prohibit the presence of extensions. For further information, see the [definition of modifier extensions](http://hl7.org/fhir/R4/extensibility.html#modifierExtension).","","","","","","","",,,,,"","value:url}
","Extensions are always sliced by (at least) url",,"open","DomainResource.modifierExtension",0,*,"ele-1
","ele-1:All FHIR elements must have a @value or children {hasValue() or (children().count() > id.count())}
ext-1:Must have either extensions or value[x], not both {extension.exists() != value.exists()}"
"Slot.identifier","Slot.identifier","","","",0,*,"","","Y","Identifier {[]} {[]}
","External Ids for this item","External Ids for this item.","","","","","","","","","",,,,,"",,,,"Slot.identifier",0,*,"ele-1
","ele-1:All FHIR elements must have a @value or children {hasValue() or (children().count() > id.count())}
"
"Slot.identifier.id","Slot.identifier.id","","","",0,1,"","","","string {[]} {[]}
","Unique id for inter-element referencing","Unique id for the element within a resource (for internal references). This may be any string value that does not contain spaces.","","","","","","","","","",,,,,"",,,,"Element.id",0,1,"",""
"Slot.identifier.extension","Slot.identifier.extension","","extensions
user content","",0,*,"","","","Extension {[]} {[]}
","Additional content defined by implementations","May be used to represent additional information that is not part of the basic definition of the element. To make the use of extensions safe and manageable, there is a strict set of governance  applied to the definition and use of extensions. Though any implementer can define an extension, there is a set of requirements that SHALL be met as part of the definition of the extension.","There can be no stigma associated with the use of extensions by any application, project, or standard - regardless of the institution or jurisdiction that uses or defines the extensions.  The use of extensions is what allows the FHIR specification to retain a core level of simplicity for everyone.","","","","","","","","",,,,,"","value:url}
","Extensions are always sliced by (at least) url",,"open","Element.extension",0,*,"ele-1
","ele-1:All FHIR elements must have a @value or children {hasValue() or (children().count() > id.count())}
ext-1:Must have either extensions or value[x], not both {extension.exists() != value.exists()}"
"Slot.identifier.use","Slot.identifier.use","","","",0,1,"","Y","Y","code {[]} {[]}
","usual | official | temp | secondary | old (If known)","The purpose of this identifier.","Applications can assume that an identifier is permanent unless it explicitly says that it is temporary.","Allows the appropriate identifier for a particular context of use to be selected from among a set of identifiers.","","","","","","","",,"required","Identifies the purpose for this identifier, if known .","http://hl7.org/fhir/ValueSet/identifier-use","",,,,"Identifier.use",0,1,"ele-1
","ele-1:All FHIR elements must have a @value or children {hasValue() or (children().count() > id.count())}
"
"Slot.identifier.type","Slot.identifier.type","","","",0,1,"","","Y","CodeableConcept {[]} {[]}
","Description of identifier","A coded type for the identifier that can be used to determine which identifier to use for a specific purpose.","This element deals only with general categories of identifiers.  It SHOULD not be used for codes that correspond 1..1 with the Identifier.system. Some identifiers may fall into multiple categories due to common usage.   Where the system is known, a type is unnecessary because the type is always part of the system definition. However systems often need to handle identifiers where the system is not known. There is not a 1:1 relationship between type and system, since many different systems have the same type.","Allows users to make use of identifiers when the identifier system is not known.","","","","","","","",,"extensible","A coded type for an identifier that can be used to determine which identifier to use for a specific purpose.","http://hl7.org/fhir/ValueSet/identifier-type","",,,,"Identifier.type",0,1,"ele-1
","ele-1:All FHIR elements must have a @value or children {hasValue() or (children().count() > id.count())}
"
"Slot.identifier.system","Slot.identifier.system","","","",0,1,"","","Y","uri {[]} {[]}
","The namespace for the identifier value","Establishes the namespace for the value - that is, a URL that describes a set values that are unique.","Identifier.system is always case sensitive.","There are many sets  of identifiers.  To perform matching of two identifiers, we need to know what set we're dealing with. The system identifies a particular set of unique identifiers.","","","","","<valueUri xmlns=""http://hl7.org/fhir"" value=""http://www.acme.com/identifiers/patient""/>","","",,,,,"",,,,"Identifier.system",0,1,"ele-1
","ele-1:All FHIR elements must have a @value or children {hasValue() or (children().count() > id.count())}
"
"Slot.identifier.value","Slot.identifier.value","","","",0,1,"","","Y","string {[]} {[]}
","The value that is unique","The portion of the identifier typically relevant to the user and which is unique within the context of the system.","If the value is a full URI, then the system SHALL be urn:ietf:rfc:3986.  The value's primary purpose is computational mapping.  As a result, it may be normalized for comparison purposes (e.g. removing non-significant whitespace, dashes, etc.)  A value formatted for human display can be conveyed using the [Rendered Value extension](http://hl7.org/fhir/R4/extension-rendered-value.html). Identifier.value is to be treated as case sensitive unless knowledge of the Identifier.system allows the processer to be confident that non-case-sensitive processing is safe.","","","","","","<valueString xmlns=""http://hl7.org/fhir"" value=""123456""/>","","",,,,,"",,,,"Identifier.value",0,1,"ele-1
","ele-1:All FHIR elements must have a @value or children {hasValue() or (children().count() > id.count())}
"
"Slot.identifier.period","Slot.identifier.period","","","",0,1,"","","Y","Period {[]} {[]}
","Time period when id is/was valid for use","Time period during which identifier is/was valid for use.","A Period specifies a range of time; the context of use will specify whether the entire range applies (e.g. ""the patient was an inpatient of the hospital for this time range"") or one value from the range applies (e.g. ""give to the patient between these two times"").

Period is not used for a duration (a measure of elapsed time). See [Duration](http://hl7.org/fhir/R4/datatypes.html#Duration).","","","","","","","","",,,,,"",,,,"Identifier.period",0,1,"ele-1
","ele-1:All FHIR elements must have a @value or children {hasValue() or (children().count() > id.count())}
per-1:If present, start SHALL have a lower value than end {start.hasValue().not() or end.hasValue().not() or (start <= end)}"
"Slot.identifier.assigner","Slot.identifier.assigner","","","",0,1,"","","Y","Reference {[]} {[CanonicalType[http://hl7.org/fhir/StructureDefinition/Organization]]}
","Organization that issued id (may be just text)","Organization that issued/manages the identifier.","The Identifier.assigner may omit the .reference element and only contain a .display element reflecting the name or other textual information about the assigning organization.","","","","","","","","",,,,,"",,,,"Identifier.assigner",0,1,"ele-1
","ele-1:All FHIR elements must have a @value or children {hasValue() or (children().count() > id.count())}
ref-1:SHALL have a contained resource if a local reference is provided {reference.startsWith('#').not() or (reference.substring(1).trace('url') in %rootResource.contained.id.trace('ids'))}"
"Slot.serviceCategory","Slot.serviceCategory","","","",0,1,"","","Y","CodeableConcept {[]} {[]}
","A broad categorization of the service that is to be performed during this appointment","A broad categorization of the service that is to be performed during this appointment.","Not all terminology uses fit this general pattern. In some cases, models should not use CodeableConcept and use Coding directly and provide their own structure for managing text, codings, translations and the relationship between elements and pre- and post-coordination.","","","","","","","","",,"example","","http://hl7.org/fhir/ValueSet/service-category","",,,,"Slot.serviceCategory",0,*,"ele-1
","ele-1:All FHIR elements must have a @value or children {hasValue() or (children().count() > id.count())}
"
"Slot.serviceType","Slot.serviceType","","","",0,*,"","","Y","CodeableConcept {[]} {[]}
","The type of appointments that can be booked into this slot (ideally this would be an identifiable service - which is at a location, rather than the location itself). If provided then this overrides the value provided on the availability resource","The type of appointments that can be booked into this slot (ideally this would be an identifiable service - which is at a location, rather than the location itself). If provided then this overrides the value provided on the availability resource.","Not all terminology uses fit this general pattern. In some cases, models should not use CodeableConcept and use Coding directly and provide their own structure for managing text, codings, translations and the relationship between elements and pre- and post-coordination.","","","","","","","","",,"example","","http://hl7.org/fhir/ValueSet/service-type","",,,,"Slot.serviceType",0,*,"ele-1
","ele-1:All FHIR elements must have a @value or children {hasValue() or (children().count() > id.count())}
"
"Slot.serviceType.id","Slot.serviceType.id","","","",0,1,"","","","string {[]} {[]}
","Unique id for inter-element referencing","Unique id for the element within a resource (for internal references). This may be any string value that does not contain spaces.","","","","","","","","","",,,,,"",,,,"Element.id",0,1,"",""
"Slot.serviceType.extension","Slot.serviceType.extension","","extensions
user content","",0,*,"","","","Extension {[]} {[]}
","Additional content defined by implementations","May be used to represent additional information that is not part of the basic definition of the element. To make the use of extensions safe and manageable, there is a strict set of governance  applied to the definition and use of extensions. Though any implementer can define an extension, there is a set of requirements that SHALL be met as part of the definition of the extension.","There can be no stigma associated with the use of extensions by any application, project, or standard - regardless of the institution or jurisdiction that uses or defines the extensions.  The use of extensions is what allows the FHIR specification to retain a core level of simplicity for everyone.","","","","","","","","",,,,,"","value:url}
","Extensions are always sliced by (at least) url",,"open","Element.extension",0,*,"ele-1
","ele-1:All FHIR elements must have a @value or children {hasValue() or (children().count() > id.count())}
ext-1:Must have either extensions or value[x], not both {extension.exists() != value.exists()}"
"Slot.serviceType.extension:sas-servicetype-r5","Slot.serviceType.extension","sas-servicetype-r5","","",0,*,"","","","Extension {[CanonicalType[https://interop.esante.gouv.fr/ig/fhir/sas/StructureDefinition/sas-cpts-slot-servicetype-aggregator]]} {[]}
","Extension","Test extension R5","","","","","","","","","",,,,,"",,,,"Element.extension",0,*,"ele-1
","ele-1:All FHIR elements must have a @value or children {hasValue() or (children().count() > id.count())}
ext-1:Must have either extensions or value[x], not both {extension.exists() != value.exists()}"
"Slot.serviceType.coding","Slot.serviceType.coding","","","",0,*,"","","Y","Coding {[]} {[]}
","Code defined by a terminology system","A reference to a code defined by a terminology system.","Codes may be defined very casually in enumerations, or code lists, up to very formal definitions such as SNOMED CT - see the HL7 v3 Core Principles for more information.  Ordering of codings is undefined and SHALL NOT be used to infer meaning. Generally, at most only one of the coding values will be labeled as UserSelected = true.","Allows for alternative encodings within a code system, and translations to other code systems.","","","","","","","",,"required","","http://terminology.hl7.org/ValueSet/v3-ActEncounterCode","",,,,"CodeableConcept.coding",0,*,"ele-1
","ele-1:All FHIR elements must have a @value or children {hasValue() or (children().count() > id.count())}
"
"Slot.serviceType.coding.id","Slot.serviceType.coding.id","","","",0,1,"","","","string {[]} {[]}
","Unique id for inter-element referencing","Unique id for the element within a resource (for internal references). This may be any string value that does not contain spaces.","","","","","","","","","",,,,,"",,,,"Element.id",0,1,"",""
"Slot.serviceType.coding.extension","Slot.serviceType.coding.extension","","extensions
user content","",0,*,"","","","Extension {[]} {[]}
","Additional content defined by implementations","May be used to represent additional information that is not part of the basic definition of the element. To make the use of extensions safe and manageable, there is a strict set of governance  applied to the definition and use of extensions. Though any implementer can define an extension, there is a set of requirements that SHALL be met as part of the definition of the extension.","There can be no stigma associated with the use of extensions by any application, project, or standard - regardless of the institution or jurisdiction that uses or defines the extensions.  The use of extensions is what allows the FHIR specification to retain a core level of simplicity for everyone.","","","","","","","","",,,,,"","value:url}
","Extensions are always sliced by (at least) url",,"open","Element.extension",0,*,"ele-1
","ele-1:All FHIR elements must have a @value or children {hasValue() or (children().count() > id.count())}
ext-1:Must have either extensions or value[x], not both {extension.exists() != value.exists()}"
"Slot.serviceType.coding.system","Slot.serviceType.coding.system","","","",0,1,"","","Y","uri {[]} {[]}
","Identity of the terminology system","The identification of the code system that defines the meaning of the symbol in the code.","The URI may be an OID (urn:oid:...) or a UUID (urn:uuid:...).  OIDs and UUIDs SHALL be references to the HL7 OID registry. Otherwise, the URI should come from HL7's list of FHIR defined special URIs or it should reference to some definition that establishes the system clearly and unambiguously.","Need to be unambiguous about the source of the definition of the symbol.","","","","<valueUri xmlns=""http://hl7.org/fhir"" value=""http://terminology.hl7.org/CodeSystem/v3-ActCode""/>","","","",,,,,"",,,,"Coding.system",0,1,"ele-1
","ele-1:All FHIR elements must have a @value or children {hasValue() or (children().count() > id.count())}
"
"Slot.serviceType.coding.version","Slot.serviceType.coding.version","","","",0,1,"","","Y","string {[]} {[]}
","Version of the system - if relevant","The version of the code system which was used when choosing this code. Note that a well-maintained code system does not need the version reported, because the meaning of codes is consistent across versions. However this cannot consistently be assured, and when the meaning is not guaranteed to be consistent, the version SHOULD be exchanged.","Where the terminology does not clearly define what string should be used to identify code system versions, the recommendation is to use the date (expressed in FHIR date format) on which that version was officially published as the version date.","","","","","","","","",,,,,"",,,,"Coding.version",0,1,"ele-1
","ele-1:All FHIR elements must have a @value or children {hasValue() or (children().count() > id.count())}
"
"Slot.serviceType.coding.code","Slot.serviceType.coding.code","","","",0,1,"","","Y","code {[]} {[]}
","Symbol in syntax defined by the system","A symbol in syntax defined by the system. The symbol may be a predefined code or an expression in a syntax defined by the coding system (e.g. post-coordination).","Note that FHIR strings SHALL NOT exceed 1MB in size","Need to refer to a particular code in the system.","","","","","","","",,,,,"",,,,"Coding.code",0,1,"ele-1
","ele-1:All FHIR elements must have a @value or children {hasValue() or (children().count() > id.count())}
"
"Slot.serviceType.coding.display","Slot.serviceType.coding.display","","","",0,1,"","","Y","string {[]} {[]}
","Representation defined by the system","A representation of the meaning of the code in the system, following the rules of the system.","Note that FHIR strings SHALL NOT exceed 1MB in size","Need to be able to carry a human-readable meaning of the code for readers that do not know  the system.","","","","","","","",,,,,"",,,,"Coding.display",0,1,"ele-1
","ele-1:All FHIR elements must have a @value or children {hasValue() or (children().count() > id.count())}
"
"Slot.serviceType.coding.userSelected","Slot.serviceType.coding.userSelected","","","",0,1,"","","Y","boolean {[]} {[]}
","If this coding was chosen directly by the user","Indicates that this coding was chosen by a user directly - e.g. off a pick list of available items (codes or displays).","Amongst a set of alternatives, a directly chosen code is the most appropriate starting point for new translations. There is some ambiguity about what exactly 'directly chosen' implies, and trading partner agreement may be needed to clarify the use of this element and its consequences more completely.","This has been identified as a clinical safety criterium - that this exact system/code pair was chosen explicitly, rather than inferred by the system based on some rules or language processing.","","","","","","","",,,,,"",,,,"Coding.userSelected",0,1,"ele-1
","ele-1:All FHIR elements must have a @value or children {hasValue() or (children().count() > id.count())}
"
"Slot.serviceType.text","Slot.serviceType.text","","","",0,1,"","","Y","string {[]} {[]}
","Plain text representation of the concept","A human language representation of the concept as seen/selected/uttered by the user who entered the data and/or which represents the intended meaning of the user.","Very often the text is the same as a displayName of one of the codings.","The codes from the terminologies do not always capture the correct meaning with all the nuances of the human using them, or sometimes there is no appropriate code at all. In these cases, the text is used to capture the full meaning of the source.","","","","","","","",,,,,"",,,,"CodeableConcept.text",0,1,"ele-1
","ele-1:All FHIR elements must have a @value or children {hasValue() or (children().count() > id.count())}
"
"Slot.specialty","Slot.specialty","","","",0,*,"","","Y","CodeableConcept {[]} {[]}
","The specialty of a practitioner that would be required to perform the service requested in this appointment","The specialty of a practitioner that would be required to perform the service requested in this appointment.","Not all terminology uses fit this general pattern. In some cases, models should not use CodeableConcept and use Coding directly and provide their own structure for managing text, codings, translations and the relationship between elements and pre- and post-coordination.","","","","","","","","",,"required","Additional details about where the content was created (e.g. clinical specialty).","http://interopsante.org/fhir/ValueSet/fr-practitioner-specialty","",,,,"Slot.specialty",0,*,"ele-1
","ele-1:All FHIR elements must have a @value or children {hasValue() or (children().count() > id.count())}
"
"Slot.appointmentType","Slot.appointmentType","","","",0,1,"","","Y","CodeableConcept {[]} {[]}
","The style of appointment or patient that may be booked in the slot (not service type)","The style of appointment or patient that may be booked in the slot (not service type).","Not all terminology uses fit this general pattern. In some cases, models should not use CodeableConcept and use Coding directly and provide their own structure for managing text, codings, translations and the relationship between elements and pre- and post-coordination.","","","","","","","","",,"preferred","","http://terminology.hl7.org/ValueSet/v2-0276","",,,,"Slot.appointmentType",0,1,"ele-1
","ele-1:All FHIR elements must have a @value or children {hasValue() or (children().count() > id.count())}
"
"Slot.appointmentType.id","Slot.appointmentType.id","","","",0,1,"","","","string {[]} {[]}
","Unique id for inter-element referencing","Unique id for the element within a resource (for internal references). This may be any string value that does not contain spaces.","","","","","","","","","",,,,,"",,,,"Element.id",0,1,"",""
"Slot.appointmentType.extension","Slot.appointmentType.extension","","extensions
user content","",0,*,"","","","Extension {[]} {[]}
","Additional content defined by implementations","May be used to represent additional information that is not part of the basic definition of the element. To make the use of extensions safe and manageable, there is a strict set of governance  applied to the definition and use of extensions. Though any implementer can define an extension, there is a set of requirements that SHALL be met as part of the definition of the extension.","There can be no stigma associated with the use of extensions by any application, project, or standard - regardless of the institution or jurisdiction that uses or defines the extensions.  The use of extensions is what allows the FHIR specification to retain a core level of simplicity for everyone.","","","","","","","","",,,,,"","value:url}
","Extensions are always sliced by (at least) url",,"open","Element.extension",0,*,"ele-1
","ele-1:All FHIR elements must have a @value or children {hasValue() or (children().count() > id.count())}
ext-1:Must have either extensions or value[x], not both {extension.exists() != value.exists()}"
"Slot.appointmentType.coding","Slot.appointmentType.coding","","","",0,*,"","","Y","Coding {[]} {[]}
","Code defined by a terminology system","A reference to a code defined by a terminology system.","Codes may be defined very casually in enumerations, or code lists, up to very formal definitions such as SNOMED CT - see the HL7 v3 Core Principles for more information.  Ordering of codings is undefined and SHALL NOT be used to infer meaning. Generally, at most only one of the coding values will be labeled as UserSelected = true.","Allows for alternative encodings within a code system, and translations to other code systems.","","","","","","","",,"required","","https://interop.esante.gouv.fr/ig/fhir/sas/ValueSet/sas-sos-valueset-appointmentreason","",,,,"CodeableConcept.coding",0,*,"ele-1
","ele-1:All FHIR elements must have a @value or children {hasValue() or (children().count() > id.count())}
"
"Slot.appointmentType.text","Slot.appointmentType.text","","","",0,1,"","","Y","string {[]} {[]}
","Plain text representation of the concept","A human language representation of the concept as seen/selected/uttered by the user who entered the data and/or which represents the intended meaning of the user.","Very often the text is the same as a displayName of one of the codings.","The codes from the terminologies do not always capture the correct meaning with all the nuances of the human using them, or sometimes there is no appropriate code at all. In these cases, the text is used to capture the full meaning of the source.","","","","","","","",,,,,"",,,,"CodeableConcept.text",0,1,"ele-1
","ele-1:All FHIR elements must have a @value or children {hasValue() or (children().count() > id.count())}
"
"Slot.schedule","Slot.schedule","","","",1,1,"","","Y","Reference {[]} {[CanonicalType[http://sas.fr/fhir/StructureDefinition/FrScheduleAgregateur]]}
","The schedule resource that this slot defines an interval of status information","The schedule resource that this slot defines an interval of status information.","References SHALL be a reference to an actual FHIR resource, and SHALL be resolveable (allowing for access control, temporary unavailability, etc.). Resolution can be either by retrieval from the URL, or, where applicable by resource type, by treating an absolute reference as a canonical URL and looking it up in a local registry/repository.","","","","","","","","",,,,,"",,,,"Slot.schedule",1,1,"ele-1
","ele-1:All FHIR elements must have a @value or children {hasValue() or (children().count() > id.count())}
ref-1:SHALL have a contained resource if a local reference is provided {reference.startsWith('#').not() or (reference.substring(1).trace('url') in %rootResource.contained.id.trace('ids'))}"
"Slot.status","Slot.status","","","",1,1,"","","Y","code {[]} {[]}
","busy | free | busy-unavailable | busy-tentative | entered-in-error","busy | free | busy-unavailable | busy-tentative | entered-in-error.","Note that FHIR strings SHALL NOT exceed 1MB in size","","","","","<valueCode xmlns=""http://hl7.org/fhir"" value=""free""/>","","","",,"required","The free/busy status of the slot.","http://hl7.org/fhir/ValueSet/slotstatus","",,,,"Slot.status",1,1,"ele-1
","ele-1:All FHIR elements must have a @value or children {hasValue() or (children().count() > id.count())}
"
"Slot.start","Slot.start","","","",1,1,"","","Y","instant {[]} {[]}
","Date/Time that the slot is to begin","Date/Time that the slot is to begin.","Note: This is intended for where precisely observed times are required, typically system logs etc., and not human-reported times - for them, see date and dateTime (which can be as precise as instant, but is not required to be) below. Time zone is always required","","","","","","","","",,,,,"",,,,"Slot.start",1,1,"ele-1
","ele-1:All FHIR elements must have a @value or children {hasValue() or (children().count() > id.count())}
"
"Slot.end","Slot.end","","","",1,1,"","","Y","instant {[]} {[]}
","Date/Time that the slot is to conclude","Date/Time that the slot is to conclude.","Note: This is intended for where precisely observed times are required, typically system logs etc., and not human-reported times - for them, see date and dateTime (which can be as precise as instant, but is not required to be) below. Time zone is always required","","","","","","","","",,,,,"",,,,"Slot.end",1,1,"ele-1
","ele-1:All FHIR elements must have a @value or children {hasValue() or (children().count() > id.count())}
"
"Slot.overbooked","Slot.overbooked","","","",0,1,"","","","boolean {[]} {[]}
","This slot has already been overbooked, appointments are unlikely to be accepted for this time","This slot has already been overbooked, appointments are unlikely to be accepted for this time.","","","","If overbooked is missing, systems may assume that there are still appointments available","","","","","",,,,,"",,,,"Slot.overbooked",0,1,"ele-1
","ele-1:All FHIR elements must have a @value or children {hasValue() or (children().count() > id.count())}
"
"Slot.comment","Slot.comment","","","",0,1,"","","","string {[]} {[]}
","Comments on the slot to describe any extended information. Such as custom constraints on the slot","Comments on the slot to describe any extended information. Such as custom constraints on the slot.","Note that FHIR strings SHALL NOT exceed 1MB in size","","","","","","","","",,,,,"",,,,"Slot.comment",0,1,"ele-1
","ele-1:All FHIR elements must have a @value or children {hasValue() or (children().count() > id.count())}
"
