<?xml version="1.0" encoding="UTF-8"?>

<ValueSet xmlns="http://hl7.org/fhir">
  <id value="sas-valueset-categorieetablissement"/>
  <text>
    <status value="generated"/><div xmlns="http://www.w3.org/1999/xhtml"><ul><li>Include these codes as defined in <code>https://mos.esante.gouv.fr/NOS/TRE_R66-CategorieEtablissement/TRE_R66-CategorieEtablissement</code><table class="none"><tr><td style="white-space:nowrap"><b>Code</b></td><td><b>Display</b></td></tr><tr><td>604</td><td>CPTS</td></tr></table></li></ul></div>
  </text>
  <url value="https://interop.esante.gouv.fr/ig/fhir/sas/ValueSet/sas-valueset-categorieetablissement"/>
  <version value="0.1.0"/>
  <name value="CategorieEtablissementSAS"/>
  <title value="Catégorie établissement SAS"/>
  <status value="draft"/>
  <date value="2024-06-12T14:11:34+00:00"/>
  <publisher value="ANS"/>
  <contact>
    <name value="ANS"/>
    <telecom>
      <system value="url"/>
      <value value="https://esante.gouv.fr"/>
    </telecom>
  </contact>
  <description value="Catégorie d'établissement utilisée dans contexte SAS - CPTS dans un premier temps"/>
  <jurisdiction>
    <coding>
      <system value="urn:iso:std:iso:3166"/>
      <code value="FR"/>
      <display value="FRANCE"/>
    </coding>
  </jurisdiction>
  <compose>
    <include>
      <system value="https://mos.esante.gouv.fr/NOS/TRE_R66-CategorieEtablissement/TRE_R66-CategorieEtablissement"/>
      <concept>
        <code value="604"/>
        <display value="CPTS"/>
      </concept>
    </include>
  </compose>
</ValueSet>