{
  "resourceType" : "ValueSet",
  "id" : "sas-cpts-valueset-typecreneau",
  "text" : {
    "status" : "generated",
    "div" : "<div xmlns=\"http://www.w3.org/1999/xhtml\"><p class=\"res-header-id\"><b>Generated Narrative: ValueSet sas-cpts-valueset-typecreneau</b></p><a name=\"sas-cpts-valueset-typecreneau\"> </a><a name=\"hcsas-cpts-valueset-typecreneau\"> </a><a name=\"hcsas-cpts-valueset-typecreneau-fr-FR\"> </a><ul><li>Include these codes as defined in <code>https://mos.esante.gouv.fr/NOS/TRE_R314-TypeCreneau/FHIR/TRE-R314-TypeCreneau</code><table class=\"none\"><tr><td style=\"white-space:nowrap\"><b>Code</b></td><td><b>Display</b></td></tr><tr><td>PUBLIC</td><td>Créneau accessible par le grand public</td></tr><tr><td>SNP</td><td>Créneau accessible par les Régulateurs et Organisateurs de Soins Non Programmés</td></tr><tr><td>PRO</td><td>Créneau accessible par les professionnels de santé</td></tr><tr><td>CPTS</td><td>Créneau accessible par les CPTS</td></tr></table></li></ul></div>"
  },
  "url" : "https://interop.esante.gouv.fr/ig/fhir/sas/ValueSet/sas-cpts-valueset-typecreneau",
  "version" : "0.1.0",
  "name" : "TypeCreneauSASCPTS",
  "title" : "Type créneaux SAS CPTS",
  "status" : "draft",
  "date" : "2024-07-02T13:14:05+00:00",
  "publisher" : "ANS",
  "contact" : [{
    "name" : "ANS",
    "telecom" : [{
      "system" : "url",
      "value" : "https://esante.gouv.fr"
    }]
  }],
  "description" : "Type de Créneaux SAS CPTS",
  "jurisdiction" : [{
    "coding" : [{
      "system" : "urn:iso:std:iso:3166",
      "code" : "FR",
      "display" : "FRANCE"
    }]
  }],
  "compose" : {
    "include" : [{
      "system" : "https://mos.esante.gouv.fr/NOS/TRE_R314-TypeCreneau/FHIR/TRE-R314-TypeCreneau",
      "concept" : [{
        "code" : "PUBLIC",
        "display" : "Créneau accessible par le grand public"
      },
      {
        "code" : "SNP",
        "display" : "Créneau accessible par les Régulateurs et Organisateurs de Soins Non Programmés"
      },
      {
        "code" : "PRO",
        "display" : "Créneau accessible par les professionnels de santé"
      },
      {
        "code" : "CPTS",
        "display" : "Créneau accessible par les CPTS"
      }]
    }]
  }
}