<?xml version="1.0" encoding="UTF-8"?><ValueSet xmlns="http://hl7.org/fhir"><id value="sas-sos-valueset-typecreneau"/><text><status value="generated"/><div xmlns="http://www.w3.org/1999/xhtml"><p class="res-header-id"><b>Generated Narrative: ValueSet sas-sos-valueset-typecreneau</b></p><a name="sas-sos-valueset-typecreneau"> </a><a name="hcsas-sos-valueset-typecreneau"> </a><a name="hcsas-sos-valueset-typecreneau-fr-FR"> </a><ul><li>Include these codes as defined in <code>https://mos.esante.gouv.fr/NOS/TRE_R314-TypeCreneau/FHIR/TRE-R314-TypeCreneau</code><table class="none"><tr><td style="white-space:nowrap"><b>Code</b></td><td><b>Display</b></td></tr><tr><td>PUBLIC</td><td>Créneau accessible par le grand public</td></tr><tr><td>SNP</td><td>Créneau accessible par les Régulateurs et Organisateurs de Soins Non Programmés</td></tr></table></li></ul></div></text><url value="https://interop.esante.gouv.fr/ig/fhir/sas/ValueSet/sas-sos-valueset-typecreneau"/><version value="0.1.0"/><name value="TypeCreneauSASSOS"/><title value="Type créneaux SAS SOS"/><status value="draft"/><date value="2024-07-01T15:38:04+00:00"/><publisher value="ANS"/><contact><name value="ANS"/><telecom><system value="url"/><value value="https://esante.gouv.fr"/></telecom></contact><description value="Type de Créneaux SAS SOS"/><jurisdiction><coding><system value="urn:iso:std:iso:3166"/><code value="FR"/><display value="FRANCE"/></coding></jurisdiction><compose><include><system value="https://mos.esante.gouv.fr/NOS/TRE_R314-TypeCreneau/FHIR/TRE-R314-TypeCreneau"/><concept><code value="PUBLIC"/><display value="Créneau accessible par le grand public"/></concept><concept><code value="SNP"/><display value="Créneau accessible par les Régulateurs et Organisateurs de Soins Non Programmés"/></concept></include></compose></ValueSet>