<?xml version="1.0" encoding="UTF-8"?>

<ValueSet xmlns="http://hl7.org/fhir">
  <id value="sas-sos-valueset-typeconsultation"/>
  <text>
    <status value="extensions"/><div xmlns="http://www.w3.org/1999/xhtml"><ul><li>Include these codes as defined in <a href="http://terminology.hl7.org/5.5.0/CodeSystem-v3-ActCode.html"><code>http://terminology.hl7.org/CodeSystem/v3-ActCode</code></a><table class="none"><tr><td style="white-space:nowrap"><b>Code</b></td><td><b>Display</b></td><td><b>Definition</b></td></tr><tr><td><a href="http://terminology.hl7.org/5.5.0/CodeSystem-v3-ActCode.html#v3-ActCode-AMB">AMB</a></td><td>Consultation au cabinet</td><td>A comprehensive term for health care provided in a healthcare facility (e.g. a practitioneraTMs office, clinic setting, or hospital) on a nonresident basis. The term ambulatory usually implies that the patient has come to the location and is not assigned to a bed. Sometimes referred to as an outpatient encounter.</td></tr><tr><td><a href="http://terminology.hl7.org/5.5.0/CodeSystem-v3-ActCode.html#v3-ActCode-HH">HH</a></td><td>Consultation à domicile</td><td>Healthcare encounter that takes place in the residence of the patient or a designee</td></tr><tr><td><a href="http://terminology.hl7.org/5.5.0/CodeSystem-v3-ActCode.html#v3-ActCode-VR">VR</a></td><td>Téléconsultation</td><td>A patient encounter where the patient and the practitioner(s) are not in the same physical location. Examples include telephone conference, email exchange, robotic surgery, and televideo conference.</td></tr></table></li></ul></div>
  </text>
  <url value="https://interop.esante.gouv.fr/ig/fhir/sas/ValueSet/sas-sos-valueset-typeconsultation"/>
  <version value="0.1.0"/>
  <name value="TypeConsultationSASSOS"/>
  <title value="Type consultation SAS SOS"/>
  <status value="draft"/>
  <date value="2024-06-06T15:04:41+00:00"/>
  <publisher value="ANS"/>
  <contact>
    <name value="ANS"/>
    <telecom>
      <system value="url"/>
      <value value="https://esante.gouv.fr"/>
    </telecom>
  </contact>
  <description value="Type de consultations SAS SOS"/>
  <jurisdiction>
    <coding>
      <system value="urn:iso:std:iso:3166"/>
      <code value="FR"/>
      <display value="FRANCE"/>
    </coding>
  </jurisdiction>
  <compose>
    <include>
      <system value="http://terminology.hl7.org/CodeSystem/v3-ActCode"/>
      <concept>
        <code value="AMB"/>
        <display value="Consultation au cabinet"/>
      </concept>
      <concept>
        <code value="HH"/>
        <display value="Consultation à domicile"/>
      </concept>
      <concept>
        <code value="VR"/>
        <display value="Téléconsultation"/>
      </concept>
    </include>
  </compose>
</ValueSet>