{
  "resourceType" : "ValueSet",
  "id" : "sas-valueset-categorieetablissement",
  "text" : {
    "status" : "generated",
    "div" : "<div xmlns=\"http://www.w3.org/1999/xhtml\"><p class=\"res-header-id\"><b>Generated Narrative: ValueSet sas-valueset-categorieetablissement</b></p><a name=\"sas-valueset-categorieetablissement\"> </a><a name=\"hcsas-valueset-categorieetablissement\"> </a><a name=\"hcsas-valueset-categorieetablissement-fr-FR\"> </a><ul><li>Include these codes as defined in <code>https://mos.esante.gouv.fr/NOS/TRE_R66-CategorieEtablissement/TRE_R66-CategorieEtablissement</code><table class=\"none\"><tr><td style=\"white-space:nowrap\"><b>Code</b></td><td><b>Display</b></td></tr><tr><td>604</td><td>CPTS</td></tr></table></li></ul></div>"
  },
  "url" : "https://interop.esante.gouv.fr/ig/fhir/sas/ValueSet/sas-valueset-categorieetablissement",
  "version" : "0.1.0",
  "name" : "CategorieEtablissementSAS",
  "title" : "Catégorie établissement SAS",
  "status" : "draft",
  "date" : "2024-06-27T11:51:58+00:00",
  "publisher" : "ANS",
  "contact" : [{
    "name" : "ANS",
    "telecom" : [{
      "system" : "url",
      "value" : "https://esante.gouv.fr"
    }]
  }],
  "description" : "Catégorie d'établissement utilisée dans contexte SAS - CPTS dans un premier temps",
  "jurisdiction" : [{
    "coding" : [{
      "system" : "urn:iso:std:iso:3166",
      "code" : "FR",
      "display" : "FRANCE"
    }]
  }],
  "compose" : {
    "include" : [{
      "system" : "https://mos.esante.gouv.fr/NOS/TRE_R66-CategorieEtablissement/TRE_R66-CategorieEtablissement",
      "concept" : [{
        "code" : "604",
        "display" : "CPTS"
      }]
    }]
  }
}