{
  "resourceType" : "ValueSet",
  "id" : "sas-sos-valueset-typecreneau",
  "text" : {
    "status" : "generated",
    "div" : "<div xmlns=\"http://www.w3.org/1999/xhtml\"><ul><li>Include these codes as defined in <code>https://mos.esante.gouv.fr/NOS/TRE_R314-TypeCreneau/FHIR/TRE-R314-TypeCreneau</code><table class=\"none\"><tr><td style=\"white-space:nowrap\"><b>Code</b></td><td><b>Display</b></td></tr><tr><td>PUBLIC</td><td>Créneau accessible par le grand public</td></tr><tr><td>SNP</td><td>Créneau accessible par les Régulateurs et Organisateurs de Soins Non Programmés</td></tr></table></li></ul></div>"
  },
  "url" : "https://interop.esante.gouv.fr/ig/fhir/sas/ValueSet/sas-sos-valueset-typecreneau",
  "version" : "0.1.0",
  "name" : "TypeCreneauSASSOS",
  "title" : "Type créneaux SAS SOS",
  "status" : "draft",
  "date" : "2024-06-20T12:10:02+00:00",
  "publisher" : "ANS",
  "contact" : [{
    "name" : "ANS",
    "telecom" : [{
      "system" : "url",
      "value" : "https://esante.gouv.fr"
    }]
  }],
  "description" : "Type de Créneaux SAS SOS",
  "jurisdiction" : [{
    "coding" : [{
      "system" : "urn:iso:std:iso:3166",
      "code" : "FR",
      "display" : "FRANCE"
    }]
  }],
  "compose" : {
    "include" : [{
      "system" : "https://mos.esante.gouv.fr/NOS/TRE_R314-TypeCreneau/FHIR/TRE-R314-TypeCreneau",
      "concept" : [{
        "code" : "PUBLIC",
        "display" : "Créneau accessible par le grand public"
      },
      {
        "code" : "SNP",
        "display" : "Créneau accessible par les Régulateurs et Organisateurs de Soins Non Programmés"
      }]
    }]
  }
}